Название продукта,цена продукта
,
,
,
,
,
,4990руб.
Подвесной светильник Инлада Wood,8290руб.
Настольная лампа Алней Orange,3990руб.
Подвесной светильник Намсен Black,9290руб.
Люстра Ливсден Brown,13 990руб.
Торшер Логмар Silver,17 990руб.
Подвесной светильник Гронтри-1 Wood,11 990руб.
Бра Бракетт White,3490руб.
Подвесной светильник Отра Wood,16 290руб.
Подвесной светильник Кронор Orange,6990руб.
Светильник потолочный Орхус White,16 990руб.
Подвесной светильник Рена Green,3490руб.
Светильник потолочный Ринга White,3990руб.
Бра Берит Black,4290руб.
Подвесной светильник Кронор Black,6990руб.
Настольная лампа Бьйорк White,3990руб.
Подвесной светильник Селау-2 Glass,3990руб.
Подвесной светильник Джамби Rattan,11 990руб.
Бра Пинна Black,5990руб.
Подвесной светильник Бьйорк White,7990руб.
Торшер Осло Blue,14 990руб.
Торшер Логмар Black,17 990руб.
Бра Бьйорк White,2490руб.
Подвесной светильник Арвика Wood,6990руб.
Подвесной светильник Бенфлит Black,5290руб.
Светильник потолочный Орхус Black,15 490руб.
Настольная лампа Требен Orange,2990руб.
Настольная лампа Сканди White,4690руб.
Подвесной светильник Ливсден Brown,4690руб.
Подвесной светильник Бейла Black,5990руб.
Светильник потолочный Лаго White,10 990руб.
Подвесной светильник Чинкве Silver,4990руб.
Торшер Энкель Black,4490руб.
Люстра Малинг Multi,14 490руб.
Подвесной светильник Джамби-1 Rattan,7990руб.
Подвесной светильник Селау-1 Glass,4290руб.
Подвесной светильник Ферум Black,3290руб.
Бра Смастен Black,3690руб.
Подвесной светильник Кронор White,7990руб.
Подвесной светильник Тубули Wood,2490руб.
Настольная лампа Требен White,2990руб.
Подвесной светильник Ферум Grey,2690руб.
Подвесной светильник Квина Black,5990руб.
